artist;title;album;date;time
Phuture Noize;"Walls Crashin&apos; Down";Pursuit of Thunder;05-03-2018;21:25
Phuture Noize;"Chaos &amp; Order";Pursuit of Thunder;05-03-2018;21:28
Deadly Guns;Power Of Truth;The Gunshow;05-03-2018;22:47
Eminem;Rhyme or Reason;The Marshall Mathers LP2 (Deluxe);05-03-2018;22:53
Eminem;"Cleanin&apos; Out My Closet";Curtain Call;05-03-2018;23:04
Gavin Luke;Delicate Transitions;Drifting Among Strangers;05-03-2018;23:36
Otto Wahl;Moods of the Valley;Moods Of The Valley;05-03-2018;23:38
Chad Lawson;Nocturne in a Minor;The Piano;05-03-2018;23:42
Samuel Lindon;La Tour;La tour;05-03-2018;23:48
daigo hanada;Butterfly;Ichiru;05-03-2018;23:50
Yann Tiersen;"Comptine d&apos;un autre été L&apos;Après-midi";Amelie From Montmartre;05-03-2018;23:52
Hermann;Leaves;Leaves (Remastered);05-03-2018;23:54
Jean Permentier;French Quarters In Rain;French Quarters In Rain;05-03-2018;23:56
Phildel;QI;Qi;06-03-2018;00:00
Phuture Noize;The Grind;Pursuit of Thunder;06-03-2018;04:22
Coone;Faye;Less Is More;06-03-2018;04:25
Devin Wild;Meltdown;Meltdown;06-03-2018;04:28
Cyber;Union - Radio Version;Union;06-03-2018;04:32
Korsakoff;Unconquered - 2017 Edit;Unconquered (2017 Edit);06-03-2018;04:34
Gunz For Hire;Executioner Style - Radio Edit;Executioner Style;06-03-2018;04:38
Psyko Punkz;Play The Drum - Radio Edit;Hardstyle Top 100 - Best Of 2017;06-03-2018;04:41
Sound Rush;Unshakable - Original Mix;Hardstyle The Annual 2017;06-03-2018;04:45
Adrenalize;Wherever The Light Ends;Wherever The Light Ends;06-03-2018;04:49
Da Tweekaz;"How Far I&apos;ll Go";"How Far I&apos;ll Go";06-03-2018;04:52
Bass Modulators;Imagine;Imagine;06-03-2018;04:57
KELTEK;Down To Earth - Radio Edit;Hardstyle Top 100 - 2017;06-03-2018;05:01
B-Freqz;In The Club;Medium Rare;06-03-2018;05:05
Ran-D;Firestarter - Radio Edit;Firestarter;06-03-2018;05:09
Headhunterz;Destiny - Edit;Hardstyle Top 100 - Best Of 2017;06-03-2018;05:14
Clockartz;In The Army;In The Army;06-03-2018;05:17
Noisecontrollers;The Spirit of Hardstyle - Radio Edit;Hardstyle The Ultimate Collection Best Of 2017;06-03-2018;05:20
Donkey Rollers;What We Are;15 Years of Hardstyle;06-03-2018;05:25
Requiem;Take The Hit - Original Edit;Take The Hit;06-03-2018;05:27
Project One;Luminosity;EP I;06-03-2018;05:29
The Prophet;Tyrone;Tyrone;06-03-2018;05:32
Phuture Noize;"Walls Crashin&apos; Down";Pursuit of Thunder;06-03-2018;05:36
Luminite;Extraterrestrial Science;Behind Enemy Lines;06-03-2018;05:39
Atmozfears;Reawakening - Radio Edit;Derailed Traxx Grey vs Concept Art;06-03-2018;05:43
Radical Redemption;Brutal 6.0 - Radio Edit;Brutal 6.0;06-03-2018;05:46
Wildstylez;Tonight;10 Years Noisecontrollers;06-03-2018;05:50
Subsonic;M.F. Psycho - Edit;M.F. Psycho;06-03-2018;05:53
Bass Chaserz;Oh Yeah Boom;Oh Yeah Boom;06-03-2018;05:56
Headhunterz;No One Can Stop Us Now;The Return Of Headhunterz;06-03-2018;06:00
Headhunterz;Eye Of The Storm (Interlude);The Return Of Headhunterz;06-03-2018;06:04
Headhunterz;Rescue Me;The Return Of Headhunterz;06-03-2018;06:05
Headhunterz;"Takin&apos; It Back";The Return Of Headhunterz;06-03-2018;06:09
Headhunterz;intro;The Return Of Headhunterz;06-03-2018;06:12
Headhunterz;Destiny (Cinematic Edit);The Return Of Headhunterz;06-03-2018;06:13
Headhunterz;The Truth (Interlude);The Return Of Headhunterz;06-03-2018;06:16
Headhunterz;"Still Standin&apos;";The Return Of Headhunterz;06-03-2018;06:17
Headhunterz;Path Of The Hunter;The Return Of Headhunterz;06-03-2018;06:21
Headhunterz;Our Church;The Return Of Headhunterz;06-03-2018;06:27
Eminem;Nowhere Fast (feat. Kehlani);Revival;06-03-2018;07:01
Eminem;Without Me;Curtain Call;06-03-2018;07:06
Eminem;Love Game;The Marshall Mathers LP2 (Deluxe);06-03-2018;07:11
Eminem;Stronger than I Was;The Marshall Mathers LP2 (Deluxe);06-03-2018;12:43
Eminem;Seduction;Recovery;06-03-2018;12:48
Eminem;Mockingbird;Curtain Call;06-03-2018;13:32
Eminem;Say Goodbye Hollywood;The Eminem Show (Explicit Version);06-03-2018;13:37
Eminem;Beautiful;Relapse;06-03-2018;13:41
Eminem;Space Bound;Recovery;06-03-2018;13:48
Eminem;Rap God;The Marshall Mathers LP2 (Deluxe);06-03-2018;17:45
Eminem;Stan;Curtain Call;06-03-2018;17:51
Stormerz;Keep On Moving;Keep On Moving;06-03-2018;19:20
Enemy Contact;Our World;Our World;06-03-2018;19:23
Charly Lownoise;Wonderful Days;happy hardcore top 100;06-03-2018;19:26
Tiësto;Get Down;get down;06-03-2018;19:32
Desiigner;Tiimmy Turner - Remix;Tiimmy Turner (Remix);06-03-2018;19:36
Shawn Mendes;Treat You Better;Illuminate (Deluxe);06-03-2018;19:39
Stromae;Carmen;Racine Carrée;06-03-2018;19:42
Jack Ü;To Ü (feat. AlunaGeorge) - George Remix;To Ü (feat. AlunaGeorge) [Remixes];06-03-2018;19:46
Yelawolf;Best Friend;Love Story;06-03-2018;19:50
Malice;Aggressive Acts - Original Mix;Aggressive Acts;06-03-2018;19:55
Da Tweekaz;Bad Habit - Radio Version;The Qontinent 2013;06-03-2018;20:01
Eminem;Nowhere Fast (feat. Kehlani);Revival;06-03-2018;22:08
Eminem;White America;The Eminem Show (Explicit Version);06-03-2018;22:12
Eminem;"Cleanin&apos; Out My Closet";Curtain Call;06-03-2018;22:17
Phuture Noize;Fire - Radio Edit;Hardstyle The Ultimate Collection Best Of 2017;06-03-2018;22:23
Cyber;Union - Radio Version;Union;06-03-2018;22:26
Refuzion;Without You - Radio Version;Without You;06-03-2018;22:28
Subsonic;M.F. Psycho - Edit;M.F. Psycho;06-03-2018;22:31
Ransom;"Fistpumpin&apos; - Edit";Pussy Lounge 2016;06-03-2018;22:34
Scarphase;Enter The Snakepit (Official Snakepit 2016 Anthem) - Radio Edit;Phase One;06-03-2018;22:37
Psyko Punkz;Play The Drum - Radio Edit;Hardstyle Top 100 - Best Of 2017;06-03-2018;22:39
De Doelleazen;De Hiele Tent Giet Nei De Bliksum;De Hiele Tent Giet Nei De Bliksum;06-03-2018;22:42
Psyko Punkz;Spaceship - Radio Edit;Qlimax 2016 Rise Of The Celestials;06-03-2018;22:45
Coone;"Young Gifted &amp; Proud (The Qontinent Anthem 2017)";"Young Gifted &amp; Proud (The Qontinent Anthem 2017)";06-03-2018;22:48
Gunz For Hire;Executioner Style - Radio Edit;Executioner Style;06-03-2018;22:52
Gunz For Hire;"Armed &amp; Dangerous - Radio Edit";Hardstyle The Ultimate Collection Best Of 2017;06-03-2018;22:56
Headhunterz;Destiny - Edit;Hardstyle Top 100 - Best Of 2017;06-03-2018;23:00
Minus Militia;"Gas D&apos;r Op - Militant Edit";"Gas D&apos;r Op (Militant Edit)";06-03-2018;23:03
Phuture Noize;King Of The Jungle;Pursuit of Thunder;06-03-2018;23:05
Physika;The Huntsman;The Huntsman;06-03-2018;23:09
D.R.S.;Overdose - Original Mix;"Party &amp; Bullshit EP";06-03-2018;23:14
Ran-D;Zombie - Radio Edit;Slam! Hardstyle vol. 16;06-03-2018;23:20
Ran-D;Firestarter - Radio Edit;Firestarter;06-03-2018;23:23
Killshot;Beastmode - Radio Edit;Beastmode;06-03-2018;23:28
Radical Redemption;America - Radio Edit;The Road To Redemption (Radio Edits);06-03-2018;23:31
Eminem;Going Through Changes;Recovery;06-03-2018;23:49
Eminem;White America;The Eminem Show (Explicit Version);06-03-2018;23:54
Eminem;Lose Yourself - Soundtrack Version;Curtain Call;06-03-2018;23:59
Eminem;Legacy;The Marshall Mathers LP2 (Deluxe);07-03-2018;00:04
Eminem;"When I&apos;m Gone";Curtain Call;07-03-2018;00:09
Eminem;Tragic Endings (feat. Skylar Grey);Revival;07-03-2018;00:14
Eminem;So Much Better;The Marshall Mathers LP2 (Deluxe);07-03-2018;05:20
Eminem;Beautiful Pain;The Marshall Mathers LP2 (Deluxe);07-03-2018;05:25
Eminem;No Love;Recovery;07-03-2018;05:29
Eminem;Like Home (feat. Alicia Keys);Revival;07-03-2018;05:34
Eminem;Like Toy Soldiers;Curtain Call;07-03-2018;05:38
Eminem;Bad Husband (feat. X Ambassadors);Revival;07-03-2018;05:43
Eminem;Headlights;The Marshall Mathers LP2 (Deluxe);07-03-2018;05:48
Eminem;The Real Slim Shady;Curtain Call;07-03-2018;06:12
Phuture Noize;Human Machinery;Pursuit of Thunder;07-03-2018;06:17
Coone;Into The Madness - Radio Edit;Into The Madness;07-03-2018;06:20
KELTEK;Mask On My Face;Mask On My Face;07-03-2018;06:25
Concept Art;Adventurous;Adventurous;07-03-2018;06:28
Wave Pressure;The Ritual;The Ritual;07-03-2018;06:31
E-Force;Cut Your Lungs Out;The Edge Of Insanity;07-03-2018;06:34
Malice;N.S.G;FearTheGear Podcast 003;07-03-2018;06:38
War Force;Devastation;Face The Force;07-03-2018;06:41
TheFatRat;The Calling (Da Tweekaz Remix);The Calling (Da Tweekaz Remix);07-03-2018;06:44
Coone;"Young Gifted &amp; Proud (The Qontinent Anthem 2017)";"Young Gifted &amp; Proud (The Qontinent Anthem 2017)";07-03-2018;06:48
Gunz For Hire;Welcome To Death Row;Welcome To Death Row;07-03-2018;06:52
Scarphase;Enter The Snakepit (Official Snakepit 2016 Anthem) - Radio Edit;Phase One;07-03-2018;06:57
Physika;The Huntsman;The Huntsman;07-03-2018;06:59
Gunz For Hire;No Mercy - Radio Edit;Qlimax 2016 Rise Of The Celestials;07-03-2018;07:04
Phuture Noize;Fire - Radio Edit;Hardstyle The Ultimate Collection Best Of 2017;07-03-2018;07:08
Tatanka;Afrika - Original Mix;Afrika E.P.;07-03-2018;07:11
Minus Militia;"Gas D&apos;r Op - Militant Edit";"Gas D&apos;r Op (Militant Edit)";07-03-2018;07:17
Phuture Noize;King Of The Jungle;Pursuit of Thunder;07-03-2018;07:19
Act of Rage;Let The Games Begin;Sabotage;07-03-2018;07:23
Bass Modulators;Imagine;Imagine;07-03-2018;07:27
KELTEK;Down To Earth - Radio Edit;Hardstyle Top 100 - 2017;07-03-2018;07:31
B-Freqz;In The Club;Medium Rare;07-03-2018;07:35
Radical Redemption;Brutal 6.0 - Radio Edit;Brutal 6.0;07-03-2018;07:39
Nick Brewer;Fall From Here - Jarreau Vandal Remix;Warning Light;07-03-2018;07:41
DaniLeigh;Play;Summer With Friends;07-03-2018;09:49
Lil Skies;Nowadays (feat. Landon Cube);Nowadays (feat. Landon Cube);07-03-2018;10:02
Dougie F;Up Dwn;Yellow Durag;07-03-2018;10:05
Tobi;January December;January December;07-03-2018;10:08
S.L.M.N;"Too Much Time (feat. Luu Breeze &amp; Emerson Brooks)";"Too Much Time (feat. Luu Breeze &amp; Emerson Brooks)";07-03-2018;10:11
Myke Bogan;Far Away;Pool Party;07-03-2018;10:14
Serious Klein;Boy Boy;Boy Boy;07-03-2018;10:18
Nue;Nightfall;Nightfall;07-03-2018;10:21
Joshua J;Lock My Door;Lock My Door;07-03-2018;10:24
ImJaeHall;Nights;Nights;07-03-2018;10:28
Riz La Vie;Napkins;Napkins;07-03-2018;10:32
Tory Lanez;4 Me;"MEMORIES DON&apos;T DIE";07-03-2018;12:24
Zilo;Keep Up Wimmi;Keep Up Wimmi;07-03-2018;12:27
Eli Sostre;Nobody Else;Sleep Is for the Weak;07-03-2018;12:32
On The Fence;For Life feat. Burgundy Son;Better Than Nothing EP;07-03-2018;12:35
Nue;Nightfall;Nightfall;07-03-2018;12:38
Aries;Carousel;Carousel;07-03-2018;12:41
Myke Bogan;Far Away;Pool Party;07-03-2018;12:53
Ajani Jones;Pyramids;Cocoons;07-03-2018;12:56
Elton;"Callin&apos;";"Callin&apos;";07-03-2018;12:59
Norman Perry;Alive;Alive - Single;07-03-2018;13:04
Eli Sostre;Cribbo;Cribbo;07-03-2018;13:06
Guordan Banks;Wanna Be Yours;Wanna Be Yours;07-03-2018;13:32
Kelechi;"Don&apos;t Fuck It Up";"Don&apos;t Fuck It Up";07-03-2018;13:36
happytree;S.O.S.;In Due Time;07-03-2018;13:40
Healy;Unwind;Unwind;07-03-2018;13:43
Act of Rage;Let The Games Begin;Sabotage;07-03-2018;14:05
Killshot;Beastmode - Radio Edit;Beastmode;07-03-2018;14:09
Chemical Soldiers;Cosmos;FearTheGear Podcast 002;07-03-2018;14:12
Noisecontrollers;The Spirit of Hardstyle - Radio Edit;Hardstyle The Ultimate Collection Best Of 2017;07-03-2018;14:15
TheFatRat;The Calling (Da Tweekaz Remix);The Calling (Da Tweekaz Remix);07-03-2018;15:41
Project One;Luminosity;EP I;07-03-2018;15:45
Gunz For Hire;No Mercy - Radio Edit;Qlimax 2016 Rise Of The Celestials;07-03-2018;15:48
Tatanka;Afrika - Original Mix;Afrika E.P.;07-03-2018;15:52
Kodak Black;Roll in Peace (feat. XXXTENTACION);Project Baby 2;07-03-2018;15:57
Lil Skies;Red Roses (Feat. Landon Cube);Red Roses (feat. Landon Cube);07-03-2018;16:00
Lil Skies;Nowadays (feat. Landon Cube);Nowadays (feat. Landon Cube);07-03-2018;16:04
Nue;Nightfall;Nightfall;07-03-2018;16:08
Aries;Carousel;Carousel;07-03-2018;16:11
Kodak Black;Roll in Peace (feat. XXXTENTACION);Project Baby 2;07-03-2018;16:14
Lil Skies;Red Roses (Feat. Landon Cube);Red Roses (feat. Landon Cube);07-03-2018;16:17
Lil Skies;Nowadays (feat. Landon Cube);Nowadays (feat. Landon Cube);07-03-2018;16:22
Nue;Nightfall;Nightfall;07-03-2018;16:25
Headhunterz;Destiny - Edit;Hardstyle Top 100 - Best Of 2017;07-03-2018;16:45
Requiem;Take The Hit - Original Edit;Take The Hit;07-03-2018;16:47
Cyber;Union - Radio Version;Union;07-03-2018;16:49
Psyko Punkz;Play The Drum - Radio Edit;Hardstyle Top 100 - Best Of 2017;07-03-2018;16:52
Project One;Luminosity;EP I;07-03-2018;16:57
Rejecta;Followed;Followed;07-03-2018;17:01
Noisecontrollers;The Spirit of Hardstyle - Radio Edit;Hardstyle The Ultimate Collection Best Of 2017;07-03-2018;17:07
Ran-D;Firestarter - Radio Edit;Firestarter;07-03-2018;17:12
Ran-D;Zombie - Radio Edit;Slam! Hardstyle vol. 16;07-03-2018;17:17
Killshot;Beastmode - Radio Edit;Beastmode;07-03-2018;17:21
"D-Block &amp; S-te-Fan";"Angels &amp; Demons";"Angels &amp; Demons";07-03-2018;17:25
Deadly Guns;Power Of Truth;The Gunshow;07-03-2018;21:13
Kodak Black;Roll in Peace (feat. XXXTENTACION);Project Baby 2;07-03-2018;21:18
Nue;Nightfall;Nightfall;07-03-2018;21:21
Aries;Carousel;Carousel;07-03-2018;21:25
Lil Skies;Red Roses (Feat. Landon Cube);Red Roses (feat. Landon Cube);07-03-2018;21:28
Lil Skies;Nowadays (feat. Landon Cube);Nowadays (feat. Landon Cube);07-03-2018;21:32
Kodak Black;Roll in Peace (feat. XXXTENTACION);Project Baby 2;07-03-2018;21:35
Dante Klein;"Coke &amp; Hennessy";"Coke &amp; Hennessy";07-03-2018;21:38
Ed Sheeran;"Perfect Symphony (Ed Sheeran &amp; Andrea Bocelli)";"Perfect Symphony (Ed Sheeran &amp; Andrea Bocelli)";07-03-2018;21:42
B.o.B;"Don&apos;t Let Me Fall";B.o.B Presents: The Adventures of Bobby Ray;07-03-2018;21:46
Rejecta;Followed;Followed;07-03-2018;22:43
Rejecta;Followed;Followed;07-03-2018;22:46
Rejecta;Followed;Followed;07-03-2018;22:50
Frequencerz;Renegades;Renegades;07-03-2018;22:53
Act of Rage;Let The Games Begin;Sabotage;07-03-2018;22:56
Eminem;Untitled;Recovery;07-03-2018;23:01
Eminem;Nowhere Fast (feat. Kehlani);Revival;07-03-2018;23:41
Eminem;Sing for the Moment;Curtain Call;07-03-2018;23:46
Eminem;Cinderella Man;Recovery;07-03-2018;23:51
Eminem;Beautiful;Relapse;07-03-2018;23:56
Eminem;Stronger than I Was;The Marshall Mathers LP2 (Deluxe);08-03-2018;00:02
Eminem;Space Bound;Recovery;08-03-2018;00:08
Eminem;Seduction;Recovery;08-03-2018;07:05
Eminem;Without Me;Curtain Call;08-03-2018;07:09
Eminem;River (feat. Ed Sheeran);Revival;08-03-2018;07:14
Eminem;River (feat. Ed Sheeran);Revival;08-03-2018;07:18
Eminem;River (feat. Ed Sheeran);Revival;08-03-2018;07:22
Eminem;"When I&apos;m Gone";Curtain Call;08-03-2018;07:26
Gunz For Hire;"Armed &amp; Dangerous - Radio Edit";Hardstyle The Ultimate Collection Best Of 2017;08-03-2018;15:57
Rejecta;Followed;Followed;08-03-2018;16:01
Scarphase;Enter The Snakepit (Official Snakepit 2016 Anthem) - Radio Edit;Phase One;08-03-2018;16:05
Bass Modulators;Imagine;Imagine;08-03-2018;16:07
Headhunterz;Destiny - Edit;Hardstyle Top 100 - Best Of 2017;08-03-2018;16:11
Ran-D;Firestarter - Radio Edit;Firestarter;08-03-2018;16:14
KELTEK;Down To Earth - Radio Edit;Hardstyle Top 100 - 2017;08-03-2018;16:17
Radical Redemption;America - Radio Edit;The Road To Redemption (Radio Edits);08-03-2018;16:21
Physika;The Huntsman;The Huntsman;08-03-2018;16:24
"D-Block &amp; S-te-Fan";"Angels &amp; Demons";"Angels &amp; Demons";08-03-2018;16:29
Subsonic;M.F. Psycho - Edit;M.F. Psycho;08-03-2018;16:32
Chemical Soldiers;Cosmos;FearTheGear Podcast 002;08-03-2018;16:35
Eminem;River (feat. Ed Sheeran);Revival;09-03-2018;01:28
Eminem;Love Game;The Marshall Mathers LP2 (Deluxe);09-03-2018;01:31
Aries;Carousel;Carousel;09-03-2018;01:37
Lil Skies;Nowadays (feat. Landon Cube);Nowadays (feat. Landon Cube);09-03-2018;01:39
Eminem;Mockingbird;Curtain Call;09-03-2018;01:56
Eminem;Not Afraid;Recovery;09-03-2018;02:00
Eminem;Stan;Curtain Call;09-03-2018;02:04
Eminem;"&apos;Till I Collapse";The Eminem Show (Explicit Version);09-03-2018;02:10
Eminem;White America;The Eminem Show (Explicit Version);09-03-2018;02:15
Eminem;Rap God;The Marshall Mathers LP2 (Deluxe);09-03-2018;08:28
Eminem;Bad Husband (feat. X Ambassadors);Revival;09-03-2018;08:34
Eminem;Say Goodbye Hollywood;The Eminem Show (Explicit Version);09-03-2018;08:39
Eminem;The Real Slim Shady;Curtain Call;09-03-2018;08:43
Eminem;Legacy;The Marshall Mathers LP2 (Deluxe);09-03-2018;08:48
Eminem;Like Home (feat. Alicia Keys);Revival;09-03-2018;08:53
Eminem;So Much Better;The Marshall Mathers LP2 (Deluxe);09-03-2018;08:57
Eminem;Lose Yourself - Soundtrack Version;Curtain Call;09-03-2018;09:01
Eminem;Going Through Changes;Recovery;09-03-2018;09:06
Eminem;No Love;Recovery;09-03-2018;09:11
Eminem;Beautiful Pain;The Marshall Mathers LP2 (Deluxe);09-03-2018;09:16
Eminem;Tragic Endings (feat. Skylar Grey);Revival;09-03-2018;09:21
Eminem;Headlights;The Marshall Mathers LP2 (Deluxe);09-03-2018;09:25
Eminem;Like Toy Soldiers;Curtain Call;09-03-2018;09:31
Eminem;Asshole;The Marshall Mathers LP2 (Deluxe);09-03-2018;09:35
Eminem;Shake That;Curtain Call;09-03-2018;09:40
Eminem;Space Bound;Recovery;09-03-2018;09:45
Eminem;"When I&apos;m Gone";Curtain Call;09-03-2018;09:49
Eminem;Without Me;Curtain Call;09-03-2018;09:54
Eminem;Stronger than I Was;The Marshall Mathers LP2 (Deluxe);09-03-2018;09:59
Eminem;Cinderella Man;Recovery;09-03-2018;10:04
Eminem;"Cleanin&apos; Out My Closet";Curtain Call;09-03-2018;10:09
Eminem;Nowhere Fast (feat. Kehlani);Revival;09-03-2018;10:14
Eminem;Rhyme or Reason;The Marshall Mathers LP2 (Deluxe);09-03-2018;10:18
Eminem;Untitled;Recovery;09-03-2018;10:23
Eminem;Seduction;Recovery;09-03-2018;10:26
Eminem;Sing for the Moment;Curtain Call;09-03-2018;10:31
Eminem;Beautiful;Relapse;09-03-2018;10:36
Eminem;River (feat. Ed Sheeran);Revival;09-03-2018;10:43
Eminem;The Way I Am;Curtain Call;09-03-2018;10:47
Eminem;Love The Way You Lie;Recovery;09-03-2018;10:51
Rejecta;Followed;Followed;09-03-2018;10:56
Rejecta;Followed;Followed;09-03-2018;11:00
Rejecta;Followed;Followed;09-03-2018;11:58
Project One;Luminosity;EP I;09-03-2018;12:04
Noisecontrollers;The Spirit of Hardstyle - Radio Edit;Hardstyle The Ultimate Collection Best Of 2017;09-03-2018;12:08
D.R.S.;Overdose - Original Mix;"Party &amp; Bullshit EP";09-03-2018;12:12
Killshot;Beastmode - Radio Edit;Beastmode;09-03-2018;12:16
Radical Redemption;Brutal 6.0 - Radio Edit;Brutal 6.0;09-03-2018;12:20
Ran-D;Zombie - Radio Edit;Slam! Hardstyle vol. 16;09-03-2018;12:23
B-Freqz;In The Club;Medium Rare;09-03-2018;12:28
Gunz For Hire;Executioner Style - Radio Edit;Executioner Style;09-03-2018;12:32
Ransom;"Fistpumpin&apos; - Edit";Pussy Lounge 2016;09-03-2018;12:35
Psyko Punkz;Spaceship - Radio Edit;Qlimax 2016 Rise Of The Celestials;09-03-2018;12:37
Ran-D;Firestarter - Radio Edit;Firestarter;09-03-2018;12:41
TheFatRat;The Calling (Da Tweekaz Remix);The Calling (Da Tweekaz Remix);09-03-2018;12:45
Rejecta;Followed;Followed;09-03-2018;19:22
Ran-D;Suicidal Superstar;Suicidal Superstar;09-03-2018;23:01
Clockartz;In The Army;In The Army;09-03-2018;23:05
Rejecta;Followed;Followed;10-03-2018;00:03
Deadly Guns;Power Of Truth;The Gunshow;10-03-2018;00:06
Post Malone;Congratulations;Stoney;10-03-2018;01:04
Lil Skies;Red Roses (Feat. Landon Cube);Red Roses (feat. Landon Cube);10-03-2018;01:07
Nue;Nightfall;Nightfall;10-03-2018;01:12
Lil Skies;Nowadays (feat. Landon Cube);Nowadays (feat. Landon Cube);10-03-2018;01:15
Kodak Black;Roll in Peace (feat. XXXTENTACION);Project Baby 2;10-03-2018;01:19
Aries;Carousel;Carousel;10-03-2018;01:22
Post Malone;Congratulations;Stoney;10-03-2018;01:25
Lil Skies;Red Roses (Feat. Landon Cube);Red Roses (feat. Landon Cube);10-03-2018;01:28
Radical Redemption;America - Radio Edit;The Road To Redemption (Radio Edits);10-03-2018;06:13
Bass Modulators;Imagine;Imagine;10-03-2018;06:20
Scarphase;Enter The Snakepit (Official Snakepit 2016 Anthem) - Radio Edit;Phase One;10-03-2018;06:24
Headhunterz;Destiny - Edit;Hardstyle Top 100 - Best Of 2017;10-03-2018;06:26
Psyko Punkz;Play The Drum - Radio Edit;Hardstyle Top 100 - Best Of 2017;10-03-2018;06:28
Cyber;Union - Radio Version;Union;10-03-2018;06:32
Chemical Soldiers;Cosmos;FearTheGear Podcast 002;10-03-2018;06:34
Physika;The Huntsman;The Huntsman;10-03-2018;06:37
Gunz For Hire;Welcome To Death Row;Welcome To Death Row;10-03-2018;06:42
KELTEK;Down To Earth - Radio Edit;Hardstyle Top 100 - 2017;10-03-2018;06:47
"D-Block &amp; S-te-Fan";"Angels &amp; Demons";"Angels &amp; Demons";10-03-2018;14:51
Noisecontrollers;The Spirit of Hardstyle - Radio Edit;Hardstyle The Ultimate Collection Best Of 2017;10-03-2018;14:54
Act of Rage;Let The Games Begin;Sabotage;10-03-2018;15:01
Ran-D;Suicidal Superstar;Suicidal Superstar;10-03-2018;15:05
D.R.S.;Overdose - Original Mix;"Party &amp; Bullshit EP";10-03-2018;15:08
Psyko Punkz;Spaceship - Radio Edit;Qlimax 2016 Rise Of The Celestials;10-03-2018;15:12
Refuzion;Without You - Radio Version;Without You;10-03-2018;15:15
Ran-D;Zombie - Radio Edit;Slam! Hardstyle vol. 16;10-03-2018;15:18
Requiem;Take The Hit - Original Edit;Take The Hit;10-03-2018;15:25
Project One;Luminosity;EP I;10-03-2018;15:27
Radical Redemption;Brutal 6.0 - Radio Edit;Brutal 6.0;10-03-2018;15:30
Lil Skies;Nowadays (feat. Landon Cube);Nowadays (feat. Landon Cube);11-03-2018;00:54
Aries;Carousel;Carousel;11-03-2018;02:47
Rejecta;Followed;Followed;11-03-2018;09:39
Malice;N.S.G;FearTheGear Podcast 003;11-03-2018;09:41
Ran-D;Drugs;Drugs;11-03-2018;09:45
Clockartz;The Art Of Being One;The Art of Being One;11-03-2018;09:50
Clockartz;The Art Of Being One;The Art of Being One;11-03-2018;09:53
Phuture Noize;The Aftershock;The Aftershock EP;11-03-2018;09:58
Ran-D;Firestarter - Radio Edit;Firestarter;11-03-2018;11:10
Killshot;Beastmode - Radio Edit;Beastmode;11-03-2018;11:13
TheFatRat;The Calling (Da Tweekaz Remix);The Calling (Da Tweekaz Remix);11-03-2018;11:17
KELTEK;Down To Earth - Radio Edit;Hardstyle Top 100 - 2017;11-03-2018;11:21
Phuture Noize;King Of The Jungle;Pursuit of Thunder;11-03-2018;11:25
Lil Skies;Red Roses (Feat. Landon Cube);Red Roses (feat. Landon Cube);11-03-2018;17:32
Nue;Nightfall;Nightfall;11-03-2018;17:36
Lil Skies;Red Roses (Feat. Landon Cube);Red Roses (feat. Landon Cube);11-03-2018;17:40
Aries;Carousel;Carousel;11-03-2018;17:44
Lil Skies;Nowadays (feat. Landon Cube);Nowadays (feat. Landon Cube);11-03-2018;17:47
Freestylers feat. Belle Humble;Cracks - Flux Pavilion Remix;Never Say Die (Deluxe Edition);11-03-2018;17:49
Reloaded;A New World;Reverze 2018 Essence Of Eternity;11-03-2018;22:01
The Pitcher;Keep It Up;Keep It Up;11-03-2018;22:04
Technoboy;1998 - Extended version;1998;11-03-2018;22:07
The Pitcher;Keep It Up;Keep It Up;11-03-2018;23:07
Lil Skies;Nowadays (feat. Landon Cube);Nowadays (feat. Landon Cube);11-03-2018;23:10
Post Malone;Congratulations;Stoney;11-03-2018;23:13
Aries;Carousel;Carousel;11-03-2018;23:17
The Pitcher;Keep It Up;Keep It Up;11-03-2018;23:20
Phuture Noize;Fire - Radio Edit;Hardstyle The Ultimate Collection Best Of 2017;11-03-2018;23:23
Radical Redemption;America - Radio Edit;The Road To Redemption (Radio Edits);11-03-2018;23:28
Frequencerz;Renegades;Renegades;11-03-2018;23:32
Chemical Soldiers;Cosmos;FearTheGear Podcast 002;11-03-2018;23:36
"D-Block &amp; S-te-Fan";"Angels &amp; Demons";"Angels &amp; Demons";11-03-2018;23:39
Gunz For Hire;"Armed &amp; Dangerous - Radio Edit";Hardstyle The Ultimate Collection Best Of 2017;11-03-2018;23:42
Bass Modulators;Imagine;Imagine;12-03-2018;05:44
Headhunterz;Destiny - Edit;Hardstyle Top 100 - Best Of 2017;12-03-2018;05:50
Ran-D;Suicidal Superstar;Suicidal Superstar;12-03-2018;05:52
Psyko Punkz;Spaceship - Radio Edit;Qlimax 2016 Rise Of The Celestials;12-03-2018;05:56
Act of Rage;Let The Games Begin;Sabotage;12-03-2018;06:02
Scarphase;Enter The Snakepit (Official Snakepit 2016 Anthem) - Radio Edit;Phase One;12-03-2018;06:06
Ran-D;Zombie - Radio Edit;Slam! Hardstyle vol. 16;12-03-2018;06:08
Project One;Luminosity;EP I;12-03-2018;06:13
Noisecontrollers;The Spirit of Hardstyle - Radio Edit;Hardstyle The Ultimate Collection Best Of 2017;12-03-2018;06:16
Refuzion;Without You - Radio Version;Without You;12-03-2018;06:21
B-Freqz;In The Club;Medium Rare;12-03-2018;06:23
The Pitcher;Keep It Up;Keep It Up;12-03-2018;06:26
The Pitcher;Keep It Up;Keep It Up;12-03-2018;06:33
Subsonic;M.F. Psycho - Edit;M.F. Psycho;12-03-2018;06:36
Tatanka;Afrika - Original Mix;Afrika E.P.;12-03-2018;06:39
D.R.S.;Overdose - Original Mix;"Party &amp; Bullshit EP";12-03-2018;06:45
Killshot;Beastmode - Radio Edit;Beastmode;12-03-2018;06:49
Requiem;Take The Hit - Original Edit;Take The Hit;12-03-2018;06:52
Deadly Guns;Power Of Truth;The Gunshow;12-03-2018;06:54
Ransom;"Fistpumpin&apos; - Edit";Pussy Lounge 2016;12-03-2018;06:58
Phuture Noize;The Aftershock;The Aftershock EP;12-03-2018;07:00
The Pitcher;Keep It Up;Keep It Up;12-03-2018;07:05
Rejecta;Followed;Followed;12-03-2018;07:08
The Pitcher;Keep It Up;Keep It Up;12-03-2018;07:10
Rejecta;Followed;Followed;12-03-2018;07:13
The Pitcher;Keep It Up;Keep It Up;12-03-2018;07:15
Kodak Black;Roll in Peace (feat. XXXTENTACION);Project Baby 2;12-03-2018;07:37
Nue;Nightfall;Nightfall;12-03-2018;11:43
Post Malone;Congratulations;Stoney;12-03-2018;12:28
The Pitcher;Keep It Up;Keep It Up;12-03-2018;13:18
Ran-D;Suicidal Superstar;Suicidal Superstar;12-03-2018;13:21
Frequencerz;Renegades;Renegades;12-03-2018;13:24
Rejecta;Followed;Followed;12-03-2018;13:29
Radical Redemption;America - Radio Edit;The Road To Redemption (Radio Edits);12-03-2018;13:32
Ran-D;Firestarter - Radio Edit;Firestarter;12-03-2018;13:36
Clockartz;The Art Of Being One;The Art of Being One;12-03-2018;13:41
Gunz For Hire;Welcome To Death Row;Welcome To Death Row;12-03-2018;13:44
Phuture Noize;The Aftershock;The Aftershock EP;12-03-2018;13:49
"D-Block &amp; S-te-Fan";"Angels &amp; Demons";"Angels &amp; Demons";12-03-2018;13:53
Bass Modulators;Imagine;Imagine;12-03-2018;13:56
B-Freqz;In The Club;Medium Rare;12-03-2018;14:00
Ransom;"Fistpumpin&apos; - Edit";Pussy Lounge 2016;12-03-2018;14:03
KELTEK;Down To Earth - Radio Edit;Hardstyle Top 100 - 2017;12-03-2018;14:06
Phuture Noize;Fire - Radio Edit;Hardstyle The Ultimate Collection Best Of 2017;12-03-2018;14:35
Subsonic;M.F. Psycho - Edit;M.F. Psycho;12-03-2018;14:38
Phuture Noize;King Of The Jungle;Pursuit of Thunder;12-03-2018;14:41
Gunz For Hire;"Armed &amp; Dangerous - Radio Edit";Hardstyle The Ultimate Collection Best Of 2017;12-03-2018;14:45
Refuzion;Without You - Radio Version;Without You;12-03-2018;14:49
Headhunterz;Destiny - Edit;Hardstyle Top 100 - Best Of 2017;12-03-2018;14:52
Cyber;Union - Radio Version;Union;12-03-2018;14:55
Lil Skies;Nowadays (feat. Landon Cube);Nowadays (feat. Landon Cube);12-03-2018;14:58
Aries;Carousel;Carousel;12-03-2018;15:01
Nue;Nightfall;Nightfall;12-03-2018;15:04
The Pitcher;Keep It Up;Keep It Up;12-03-2018;15:07
Gunz For Hire;Executioner Style - Radio Edit;Executioner Style;12-03-2018;15:10
Psyko Punkz;Spaceship - Radio Edit;Qlimax 2016 Rise Of The Celestials;12-03-2018;15:14
Scarphase;Enter The Snakepit (Official Snakepit 2016 Anthem) - Radio Edit;Phase One;12-03-2018;15:17
The Pitcher;Keep It Up;Keep It Up;12-03-2018;15:27
Clockartz;The Art Of Being One;The Art of Being One;12-03-2018;15:33
Frequencerz;Renegades;Renegades;12-03-2018;15:37
Ran-D;Firestarter - Radio Edit;Firestarter;12-03-2018;15:42
Ran-D;Suicidal Superstar;Suicidal Superstar;12-03-2018;15:47
Gunz For Hire;Welcome To Death Row;Welcome To Death Row;12-03-2018;15:50
Radical Redemption;America - Radio Edit;The Road To Redemption (Radio Edits);12-03-2018;15:55
Rejecta;Followed;Followed;12-03-2018;16:15
Clockartz;The Art Of Being One;The Art of Being One;12-03-2018;16:19
The Pitcher;Keep It Up;Keep It Up;12-03-2018;16:32
The Pitcher;Keep It Up;Keep It Up;12-03-2018;16:35
TheFatRat;The Calling (Da Tweekaz Remix);The Calling (Da Tweekaz Remix);12-03-2018;16:38
KELTEK;Down To Earth - Radio Edit;Hardstyle Top 100 - 2017;12-03-2018;16:41
Scarphase;Enter The Snakepit (Official Snakepit 2016 Anthem) - Radio Edit;Phase One;12-03-2018;16:49
Gunz For Hire;"Armed &amp; Dangerous - Radio Edit";Hardstyle The Ultimate Collection Best Of 2017;12-03-2018;16:53
The Pitcher;Keep It Up;Keep It Up;12-03-2018;17:56
No Mondays;Start Of Me;Start Of Me;12-03-2018;22:34
No Mondays;Start Of Me;Start Of Me;12-03-2018;22:37
The Pitcher;Keep It Up;Keep It Up;12-03-2018;22:39
The Pitcher;Keep It Up;Keep It Up;12-03-2018;22:42
The Pitcher;Keep It Up;Keep It Up;12-03-2018;22:45
Deadly Guns;Power Of Truth;The Gunshow;12-03-2018;22:49
Phuture Noize;The Aftershock;The Aftershock EP;12-03-2018;22:51
Gunz For Hire;Executioner Style - Radio Edit;Executioner Style;12-03-2018;22:55
Minus Militia;"Gas D&apos;r Op - Militant Edit";"Gas D&apos;r Op (Militant Edit)";12-03-2018;22:59
Gunz For Hire;No Mercy - Radio Edit;Qlimax 2016 Rise Of The Celestials;12-03-2018;23:01
Phuture Noize;Human Machinery;Pursuit of Thunder;12-03-2018;23:05
"D-Block &amp; S-te-Fan";"Angels &amp; Demons";"Angels &amp; Demons";12-03-2018;23:27
Malice;Aggressive Acts - Original Mix;Aggressive Acts;12-03-2018;23:30
Bass Modulators;Imagine;Imagine;12-03-2018;23:35
Subsonic;M.F. Psycho - Edit;M.F. Psycho;12-03-2018;23:39
Headhunterz;No One Can Stop Us Now;The Return Of Headhunterz;12-03-2018;23:42
War Force;Devastation;Face The Force;12-03-2018;23:46
Radical Redemption;Brutal 6.0 - Radio Edit;Brutal 6.0;12-03-2018;23:50
Zany;Until the End;Until the End;12-03-2018;23:53
Donkey Rollers;What We Are;15 Years of Hardstyle;12-03-2018;23:55
Gunz For Hire;A Storm Is Coming - Radio Edit;A Storm is Coming;13-03-2018;06:02
B-Freqz;In The Club;Medium Rare;13-03-2018;06:06
Wasted Penguinz;Euphoria;Euphoria;13-03-2018;06:10
Psyko Punkz;Spaceship - Radio Edit;Qlimax 2016 Rise Of The Celestials;13-03-2018;06:14
Luminite;Extraterrestrial Science;Behind Enemy Lines;13-03-2018;06:18
Krowdexx;The Sky Is Falling - Radio Mix;The Sky Is Falling (Radio Mix);13-03-2018;06:22
Audiofreq;Audiofile.001 - Mix Cut;Hard Bass 2017;13-03-2018;06:26
Warface;"Wakin&apos; Up - Radio Edit";"Wakin&apos; Up";13-03-2018;06:28
Project One;Luminosity;EP I;13-03-2018;06:32
Requiem;Take The Hit - Original Edit;Take The Hit;13-03-2018;06:35
Clockartz;In The Army;In The Army;13-03-2018;06:37
Phuture Noize;Fire;Pursuit of Thunder;13-03-2018;06:40
Refuzion;Without You - Radio Version;Without You;13-03-2018;06:43
Coone;Faye;Less Is More;13-03-2018;06:47
Phuture Noize;Anthem Of Freedom (Qapital Anthem 2018);Anthem Of Freedom (Qapital Anthem 2018);13-03-2018;06:50
Phuture Noize;Fire - Radio Edit;Hardstyle The Ultimate Collection Best Of 2017;13-03-2018;06:54
Cyber;Union - Radio Version;Union;13-03-2018;06:58
The Pitcher;Keep It Up;Keep It Up;13-03-2018;06:59
Headhunterz;Destiny - Edit;Hardstyle Top 100 - Best Of 2017;13-03-2018;07:02
Noisecontrollers;The Spirit of Hardstyle - Radio Edit;Hardstyle The Ultimate Collection Best Of 2017;13-03-2018;07:05
Act of Rage;Let The Games Begin;Sabotage;13-03-2018;07:10
Ran-D;Suicidal Superstar;Suicidal Superstar;13-03-2018;07:14
Ran-D;Zombie - Radio Edit;Slam! Hardstyle vol. 16;13-03-2018;07:17
Killshot;Beastmode - Radio Edit;Beastmode;13-03-2018;07:22
Frequencerz;Renegades;Renegades;13-03-2018;07:26
Rejecta;Followed;Followed;13-03-2018;07:30
D.R.S.;Overdose - Original Mix;"Party &amp; Bullshit EP";13-03-2018;07:34
Ran-D;Firestarter - Radio Edit;Firestarter;13-03-2018;07:38
Eminem;"&apos;Till I Collapse";The Eminem Show (Explicit Version);13-03-2018;14:23
Eminem;White America;The Eminem Show (Explicit Version);13-03-2018;14:28
Eminem;Going Through Changes;Recovery;13-03-2018;14:33
Eminem;So Much Better;The Marshall Mathers LP2 (Deluxe);13-03-2018;14:38
Eminem;Headlights;The Marshall Mathers LP2 (Deluxe);13-03-2018;15:08
Eminem;Like Toy Soldiers;Curtain Call;13-03-2018;15:13
Eminem;Tragic Endings (feat. Skylar Grey);Revival;13-03-2018;15:18
Eminem;Nowhere Fast (feat. Kehlani);Revival;13-03-2018;15:22
The Pitcher;Keep It Up;Keep It Up;13-03-2018;18:37
The Pitcher;Keep It Up;Keep It Up;13-03-2018;19:15
Scarphase;Enter The Snakepit (Official Snakepit 2016 Anthem) - Radio Edit;Phase One;13-03-2018;19:18
The Pitcher;Keep It Up;Keep It Up;13-03-2018;19:20
The Pitcher;Keep It Up;Keep It Up;13-03-2018;22:31
The Pitcher;Keep It Up;Keep It Up;13-03-2018;22:34
Scarphase;Enter The Snakepit (Official Snakepit 2016 Anthem) - Radio Edit;Phase One;13-03-2018;22:37
Eminem;Stan;Curtain Call;13-03-2018;23:40
Eminem;Space Bound;Recovery;13-03-2018;23:53
Eminem;Rap God;The Marshall Mathers LP2 (Deluxe);14-03-2018;00:15
Eminem;Not Afraid;Recovery;14-03-2018;00:21
Eminem;Legacy;The Marshall Mathers LP2 (Deluxe);14-03-2018;00:25
Eminem;The Real Slim Shady;Curtain Call;14-03-2018;00:30
Eminem;Like Home (feat. Alicia Keys);Revival;14-03-2018;00:34
Eminem;Lose Yourself - Soundtrack Version;Curtain Call;14-03-2018;00:38
Eminem;Shake That;Curtain Call;14-03-2018;05:48
Eminem;Without Me;Curtain Call;14-03-2018;05:52
Eminem;Cinderella Man;Recovery;14-03-2018;05:57
Eminem;Bad Husband (feat. X Ambassadors);Revival;14-03-2018;06:02
Eminem;Rhyme or Reason;The Marshall Mathers LP2 (Deluxe);14-03-2018;06:06
Eminem;"Cleanin&apos; Out My Closet";Curtain Call;14-03-2018;06:11
Eminem;Beautiful Pain;The Marshall Mathers LP2 (Deluxe);14-03-2018;06:16
Eminem;River (feat. Ed Sheeran);Revival;14-03-2018;06:31
Eminem;Seduction;Recovery;14-03-2018;06:34
Eminem;Untitled;Recovery;14-03-2018;06:39
Eminem;No Love;Recovery;14-03-2018;06:42
Eminem;Sing for the Moment;Curtain Call;14-03-2018;06:47
Eminem;Love Game;The Marshall Mathers LP2 (Deluxe);14-03-2018;06:53
Eminem;"When I&apos;m Gone";Curtain Call;14-03-2018;06:57
Eminem;Asshole;The Marshall Mathers LP2 (Deluxe);14-03-2018;07:02
Eminem;Beautiful;Relapse;14-03-2018;07:07
Eminem;Stronger than I Was;The Marshall Mathers LP2 (Deluxe);14-03-2018;07:13
Eminem;Mockingbird;Curtain Call;14-03-2018;07:19
Eminem;Love The Way You Lie;Recovery;14-03-2018;07:23
Eminem;The Way I Am;Curtain Call;14-03-2018;07:27
Eminem;So Much Better;The Marshall Mathers LP2 (Deluxe);14-03-2018;07:32
Eminem;Going Through Changes;Recovery;14-03-2018;07:36
Eminem;Say Goodbye Hollywood;The Eminem Show (Explicit Version);14-03-2018;07:41
Eminem;"&apos;Till I Collapse";The Eminem Show (Explicit Version);14-03-2018;07:55
Eminem;Like Toy Soldiers;Curtain Call;14-03-2018;08:00
Eminem;White America;The Eminem Show (Explicit Version);14-03-2018;08:04
Eminem;Nowhere Fast (feat. Kehlani);Revival;14-03-2018;08:10
Eminem;Headlights;The Marshall Mathers LP2 (Deluxe);14-03-2018;08:14
Eminem;Tragic Endings (feat. Skylar Grey);Revival;14-03-2018;08:20
Post Malone;Congratulations;Stoney;14-03-2018;08:25
Nue;Nightfall;Nightfall;14-03-2018;08:29
Aries;Carousel;Carousel;14-03-2018;08:32
Lil Skies;Red Roses (Feat. Landon Cube);Red Roses (feat. Landon Cube);14-03-2018;08:35
Kodak Black;Roll in Peace (feat. XXXTENTACION);Project Baby 2;14-03-2018;08:39
Lil Skies;Nowadays (feat. Landon Cube);Nowadays (feat. Landon Cube);14-03-2018;08:43
Post Malone;Congratulations;Stoney;14-03-2018;08:46
Atmozfears;Reawakening - Radio Edit;Derailed Traxx Grey vs Concept Art;14-03-2018;08:57
Phuture Noize;I Got Noize;Pursuit of Thunder;14-03-2018;09:00
Luminite;Extraterrestrial Science;Behind Enemy Lines;14-03-2018;09:04
Gunz For Hire;"I&apos;m A Criminal - Radio Edit";"I&apos;m A Criminal";14-03-2018;09:08
Bass Chaserz;Oh Yeah Boom;Oh Yeah Boom;14-03-2018;09:13
Act of Rage;Let The Games Begin;Sabotage;14-03-2018;09:17
The Prophet;"Caramba! (The Prophet&apos;s Hardcore Tequila Mix)";"Caramba! (The Prophet&apos;s Hardcore Tequila Mix)";14-03-2018;09:21
Coone;Faye;Less Is More;14-03-2018;09:23
Radical Redemption;America - Radio Edit;The Road To Redemption (Radio Edits);14-03-2018;09:27
Headhunterz;Rescue Me;The Return Of Headhunterz;14-03-2018;09:30
Requiem;Take The Hit - Original Edit;Take The Hit;14-03-2018;09:34
Ran-D;Firestarter - Radio Edit;Firestarter;14-03-2018;09:36
Psyko Punkz;Spaceship - Radio Edit;Qlimax 2016 Rise Of The Celestials;14-03-2018;09:41
Max Enforcer;WKND - Edit;WKND;14-03-2018;09:47
Da Tweekaz;"How Far I&apos;ll Go";"How Far I&apos;ll Go";14-03-2018;09:51
Devin Wild;Meltdown;Meltdown;14-03-2018;09:55
Donkey Rollers;What We Are;15 Years of Hardstyle;14-03-2018;09:59
Warface;F the Industry;F The Industry;14-03-2018;10:29
Cyber;Union - Radio Version;Union;14-03-2018;10:33
Stereotuners;The Graveyard Shift;The Graveyard Shift;14-03-2018;12:55
Donkey Rollers;Human Enemy;15 Years of Hardstyle;14-03-2018;12:58
X-Pander;Street Revolution;Street Revolution;14-03-2018;13:02
Omegatypez;Dirty Style - Faizar Remix;Dirty Style (Faizar Remix);14-03-2018;13:05
Tweekacore;Partystarter (Da Tweekaz Mix);Partystarter;14-03-2018;13:16
Pulsatorz;Surge;Surge;14-03-2018;13:20
Apexx;AK-47;AK-47;14-03-2018;13:24
Dj Mad Dog;Maze of Martyr - Official Dominator Anthem 2017 Radio Edit;Till I Die Vol.1 (Radio Edits);14-03-2018;13:27
Outtacontrol;Isolated;Isolated;14-03-2018;13:32
Noiseshock;Echoes;Echoes;14-03-2018;13:36
"Prefix &amp; Density";One Of Us;One Of Us;14-03-2018;13:40
Outblast;Die Hard - Radio Edit;Die Hard (Radio Edit);14-03-2018;13:43
AMENTIS;Defiance;Defiance;14-03-2018;13:49
G-Town Madness;Come As One (Brennan Heart Remix);The Qontinent 2017;14-03-2018;13:53
Rooler;Survive The Street - Radio Mix;Survive The Street;14-03-2018;13:59
Technoboy;1998 - Extended version;1998;14-03-2018;14:02
Angerfist;Creed of Chaos - Official Anthem;Creed Of Chaos;14-03-2018;14:06
Dj Stephanie;"I&apos;m Alive";Pink Beats;14-03-2018;14:09
Alpha²;Forget The Bullshit - Radio Edit;Forget the Bullshit (Radio Edit);14-03-2018;14:13
Deepack;Unite;Unite;14-03-2018;14:15
Ran-D;The New Shit (Bass Chaserz Remix);The Remix EP;14-03-2018;14:20
Chain Reaction;Abandon - Radio Edit;Abandon (Radio Edit);14-03-2018;14:30
Titan;Hooligan;Hooligan;14-03-2018;14:33
Eminem;"&apos;Till I Collapse";The Eminem Show (Explicit Version);14-03-2018;16:19
Eminem;Like Toy Soldiers;Curtain Call;14-03-2018;16:24
Eminem;White America;The Eminem Show (Explicit Version);14-03-2018;16:28
Eminem;Nowhere Fast (feat. Kehlani);Revival;14-03-2018;16:34
Eminem;Headlights;The Marshall Mathers LP2 (Deluxe);14-03-2018;16:38
Eminem;Tragic Endings (feat. Skylar Grey);Revival;14-03-2018;16:44
Eminem;Stan;Curtain Call;14-03-2018;16:50
Eminem;Space Bound;Recovery;14-03-2018;16:56
Eminem;Rap God;The Marshall Mathers LP2 (Deluxe);14-03-2018;17:01
Catscan;Chronic Counter;Bass Fusion 10 Years (100% Hardcore);14-03-2018;22:15
Frequencerz;Alright;Qlimax 2017 Temple Of Light;14-03-2018;22:19
Warface;F the Industry;F The Industry;14-03-2018;22:23
The Prophet;Caramba! - Radio Edit;Caramba!;14-03-2018;22:27
Ludovico Einaudi;Una Mattina;Una Mattina;14-03-2018;22:30
Yann Tiersen;"Comptine d&apos;un autre été L&apos;Après-midi";Amelie From Montmartre (Original SoundTrack);14-03-2018;22:33
Mélanie Laurent;Début;"En t&apos;attendant";14-03-2018;22:36
Max Richter;"Vladimir&apos;s Blues";The Blue Notebooks;14-03-2018;22:38
Phildel;QI;Qi;14-03-2018;22:39
Nils Frahm;Ambre;Wintermusik;14-03-2018;22:45
Phildel;QI;Qi;14-03-2018;22:47
Johannes Bornlof;A Land Above the Clouds;The Boy Who Flew Away;14-03-2018;22:53
Fabrizio Paterlini;My Piano The Clouds;The Art of the Piano;14-03-2018;22:55
Akira Kosemura;fleur;how my heart sings;14-03-2018;22:58
Maxence Cyrin;The Frozen Palace;Nocturnes (Solo Piano);14-03-2018;23:01
Ludovico Einaudi;Una Mattina;Una Mattina;14-03-2018;23:04
James Horner;Saying Goodbye To Those You So Love - A Beautiful Mind/Soundtrack Version;A Beautiful Mind (Soundtrack);14-03-2018;23:07
Yann Tiersen;"Comptine d&apos;un autre été L&apos;Après-midi";Amelie From Montmartre (Original SoundTrack);14-03-2018;23:14
Franz Berwald;Symphony No. 3 In C Major Sinfonie Singuliere: I. Allegro Fuocoso;BERWALD: Symphonies Nos. 3 and 4 / Piano Concerto;14-03-2018;23:16
Nils Frahm;Ambre;Wintermusik;14-03-2018;23:28
Phildel;QI;Qi;14-03-2018;23:31
Drake;"God&apos;s Plan";Scary Hours;14-03-2018;23:35
Psyko Punkz;Doutzen - Radio Version;Doutzen;14-03-2018;23:39
Phuture Noize;Anthem Of Freedom (Qapital Anthem 2018);Anthem Of Freedom (Qapital Anthem 2018);14-03-2018;23:42
B-Freqz;Freedom;Beyond Reality;14-03-2018;23:54
Ran-D;Band Of Brothers;Band Of Brothers;15-03-2018;00:00
Dr Peacock;Trip to Mongolia;Frenchcore Worldwide 04;15-03-2018;00:03
Dr Peacock;Trip to Ireland;Trip Around The World;15-03-2018;00:06
Deathroar;Going Wild;Rising Sun;15-03-2018;00:10
Dr Peacock;Trip to Saudi Arabia;Trip Around The World;15-03-2018;00:15
Dr Peacock;Trip to Amerika - Remastered;Trip Around The World;15-03-2018;00:20
Dr Peacock;This Life Is Lost - Original Mix;This Life Is Lost;15-03-2018;00:24
Aries;Carousel;Carousel;15-03-2018;00:31
Kodak Black;Roll in Peace (feat. XXXTENTACION);Project Baby 2;15-03-2018;00:34
Nue;Nightfall;Nightfall;15-03-2018;00:37
Lil Skies;Nowadays (feat. Landon Cube);Nowadays (feat. Landon Cube);15-03-2018;00:41
Lil Skies;Red Roses (Feat. Landon Cube);Red Roses (feat. Landon Cube);15-03-2018;00:44
Post Malone;Congratulations;Stoney;15-03-2018;00:48
Drake;"God&apos;s Plan";Scary Hours;15-03-2018;00:52
Aries;Carousel;Carousel;15-03-2018;00:55
Kodak Black;Roll in Peace (feat. XXXTENTACION);Project Baby 2;15-03-2018;00:58
Nue;Nightfall;Nightfall;15-03-2018;01:01
Lil Skies;Nowadays (feat. Landon Cube);Nowadays (feat. Landon Cube);15-03-2018;01:05
Lil Skies;Red Roses (Feat. Landon Cube);Red Roses (feat. Landon Cube);15-03-2018;01:09
The Pitcher;Keep It Up;Keep It Up;15-03-2018;01:14
Deetox;Unstoppable;Unstoppable;15-03-2018;01:17
Maxence Cyrin;The Frozen Palace;Nocturnes (Solo Piano);15-03-2018;01:54
Franz Berwald;Symphony No. 3 In C Major Sinfonie Singuliere: I. Allegro Fuocoso;BERWALD: Symphonies Nos. 3 and 4 / Piano Concerto;15-03-2018;01:57
Yann Tiersen;"Comptine d&apos;un autre été L&apos;Après-midi";Amelie From Montmartre (Original SoundTrack);15-03-2018;02:09
Akira Kosemura;fleur;how my heart sings;15-03-2018;02:11
Ludovico Einaudi;Una Mattina;Una Mattina;15-03-2018;02:14
Phildel;QI;Qi;15-03-2018;02:17
KELTEK;Down To Earth - Radio Edit;Hardstyle Top 100 - 2017;15-03-2018;07:41
Chemical Soldiers;Cosmos;FearTheGear Podcast 002;15-03-2018;07:45
Gunz For Hire;"Armed &amp; Dangerous - Radio Edit";Hardstyle The Ultimate Collection Best Of 2017;15-03-2018;07:48
Gunz For Hire;No Mercy - Radio Edit;Qlimax 2016 Rise Of The Celestials;15-03-2018;07:52
Radical Redemption;America - Radio Edit;The Road To Redemption (Radio Edits);15-03-2018;07:56
Phuture Noize;Anthem Of Freedom (Qapital Anthem 2018);Anthem Of Freedom (Qapital Anthem 2018);15-03-2018;08:00
Phuture Noize;Anthem Of Freedom (Qapital Anthem 2018);Anthem Of Freedom (Qapital Anthem 2018);15-03-2018;08:04
Gunz For Hire;Welcome To Death Row;Welcome To Death Row;15-03-2018;08:08
Phuture Noize;Anthem Of Freedom (Qapital Anthem 2018);Anthem Of Freedom (Qapital Anthem 2018);15-03-2018;08:13
Phuture Noize;Anthem Of Freedom (Qapital Anthem 2018);Anthem Of Freedom (Qapital Anthem 2018);15-03-2018;08:17
Phuture Noize;Anthem Of Freedom (Qapital Anthem 2018);Anthem Of Freedom (Qapital Anthem 2018);15-03-2018;08:21
Phuture Noize;Anthem Of Freedom (Qapital Anthem 2018);Anthem Of Freedom (Qapital Anthem 2018);15-03-2018;08:25
Phuture Noize;Anthem Of Freedom (Qapital Anthem 2018);Anthem Of Freedom (Qapital Anthem 2018);15-03-2018;08:29
Phuture Noize;Anthem Of Freedom (Qapital Anthem 2018);Anthem Of Freedom (Qapital Anthem 2018);15-03-2018;08:33
Phuture Noize;Anthem Of Freedom (Qapital Anthem 2018);Anthem Of Freedom (Qapital Anthem 2018);15-03-2018;08:37
Phuture Noize;Anthem Of Freedom (Qapital Anthem 2018);Anthem Of Freedom (Qapital Anthem 2018);15-03-2018;08:41
Phuture Noize;Anthem Of Freedom (Qapital Anthem 2018);Anthem Of Freedom (Qapital Anthem 2018);15-03-2018;08:45
Phuture Noize;Anthem Of Freedom (Qapital Anthem 2018);Anthem Of Freedom (Qapital Anthem 2018);15-03-2018;08:49
Deadly Guns;Power Of Truth;The Gunshow;15-03-2018;08:53
Bass Modulators;Imagine;Imagine;15-03-2018;08:57
B-Freqz;In The Club;Medium Rare;15-03-2018;09:01
Psyko Punkz;Spaceship - Radio Edit;Qlimax 2016 Rise Of The Celestials;15-03-2018;09:04
Minus Militia;"Gas D&apos;r Op - Militant Edit";"Gas D&apos;r Op (Militant Edit)";15-03-2018;09:08
Physika;The Huntsman;The Huntsman;15-03-2018;09:10
Refuzion;Without You - Radio Version;Without You;15-03-2018;09:15
Cyber;Union - Radio Version;Union;15-03-2018;09:18
Noisecontrollers;The Spirit of Hardstyle - Radio Edit;Hardstyle The Ultimate Collection Best Of 2017;15-03-2018;09:21
Requiem;Take The Hit - Original Edit;Take The Hit;15-03-2018;09:25
Ran-D;Suicidal Superstar;Suicidal Superstar;15-03-2018;15:09
Ran-D;Zombie - Radio Edit;Slam! Hardstyle vol. 16;15-03-2018;15:12
Radical Redemption;Brutal 6.0 - Radio Edit;Brutal 6.0;15-03-2018;15:17
Ran-D;Firestarter - Radio Edit;Firestarter;15-03-2018;15:21
Tatanka;Afrika - Original Mix;Afrika E.P.;15-03-2018;15:26
Project One;Luminosity;EP I;15-03-2018;15:32
Act of Rage;Let The Games Begin;Sabotage;15-03-2018;15:35
Rejecta;Followed;Followed;15-03-2018;15:39
Killshot;Beastmode - Radio Edit;Beastmode;15-03-2018;15:42
Phuture Noize;Fire - Radio Edit;Hardstyle The Ultimate Collection Best Of 2017;15-03-2018;15:46
Headhunterz;Destiny - Edit;Hardstyle Top 100 - Best Of 2017;15-03-2018;15:49
Phuture Noize;King Of The Jungle;Pursuit of Thunder;15-03-2018;15:52
Scarphase;Enter The Snakepit (Official Snakepit 2016 Anthem) - Radio Edit;Phase One;15-03-2018;15:56
TheFatRat;The Calling (Da Tweekaz Remix);The Calling (Da Tweekaz Remix);15-03-2018;15:58
Nils Frahm;Ambre;Wintermusik;15-03-2018;16:54
James Horner;Saying Goodbye To Those You So Love - A Beautiful Mind/Soundtrack Version;A Beautiful Mind (Soundtrack);15-03-2018;16:58
Fabrizio Paterlini;My Piano The Clouds;The Art of the Piano;15-03-2018;17:04
Maxence Cyrin;The Frozen Palace;Nocturnes (Solo Piano);15-03-2018;17:07
Phuture Noize;Anthem Of Freedom (Qapital Anthem 2018);Anthem Of Freedom (Qapital Anthem 2018);15-03-2018;17:12
The Pitcher;Keep It Up;Keep It Up;15-03-2018;17:16
Rejecta;Followed;Followed;15-03-2018;17:19
Act of Rage;Let The Games Begin;Sabotage;15-03-2018;17:22
Clockartz;The Art Of Being One;The Art of Being One;15-03-2018;17:26
Warface;F the Industry;F The Industry;15-03-2018;17:30
Coone;"Young Gifted &amp; Proud (The Qontinent Anthem 2017)";"Young Gifted &amp; Proud (The Qontinent Anthem 2017)";15-03-2018;17:34
Frequencerz;Alright;Qlimax 2017 Temple Of Light;15-03-2018;17:37
The Prophet;Caramba! - Radio Edit;Caramba!;15-03-2018;17:42
Deadly Guns;Power Of Truth;The Gunshow;15-03-2018;17:44
KELTEK;Down To Earth - Radio Edit;Hardstyle Top 100 - 2017;15-03-2018;17:48
Gunz For Hire;Executioner Style - Radio Edit;Executioner Style;15-03-2018;17:53
Phuture Noize;The Aftershock;The Aftershock EP;15-03-2018;17:57
The Pitcher;Keep It Up;Keep It Up;15-03-2018;18:01
Ransom;"Fistpumpin&apos; - Edit";Pussy Lounge 2016;15-03-2018;18:03
Noisecontrollers;The Spirit of Hardstyle - Radio Edit;Hardstyle The Ultimate Collection Best Of 2017;15-03-2018;18:06
Deetox;Unstoppable;Unstoppable;15-03-2018;18:11
Subsonic;M.F. Psycho - Edit;M.F. Psycho;15-03-2018;18:13
Ran-D;Zombie - Radio Edit;Slam! Hardstyle vol. 16;15-03-2018;18:17
"D-Block &amp; S-te-Fan";"Angels &amp; Demons";"Angels &amp; Demons";15-03-2018;18:22
Akira Kosemura;fleur;how my heart sings;15-03-2018;18:27
Yann Tiersen;"Comptine d&apos;un autre été L&apos;Après-midi";Amelie From Montmartre (Original SoundTrack);15-03-2018;18:30
Ludovico Einaudi;Una Mattina;Una Mattina;15-03-2018;18:32
James Horner;Saying Goodbye To Those You So Love - A Beautiful Mind/Soundtrack Version;A Beautiful Mind (Soundtrack);15-03-2018;18:35
Nils Frahm;Ambre;Wintermusik;15-03-2018;18:41
Maxence Cyrin;The Frozen Palace;Nocturnes (Solo Piano);15-03-2018;18:45
Akira Kosemura;fleur;how my heart sings;15-03-2018;18:48
Yann Tiersen;"Comptine d&apos;un autre été L&apos;Après-midi";Amelie From Montmartre (Original SoundTrack);15-03-2018;18:51
Ludovico Einaudi;Una Mattina;Una Mattina;15-03-2018;18:53
Phildel;QI;Qi;15-03-2018;18:57
Johannes Bornlof;A Land Above the Clouds;The Boy Who Flew Away;15-03-2018;19:02
Fabrizio Paterlini;My Piano The Clouds;The Art of the Piano;15-03-2018;19:04
Nils Frahm;Ambre;Wintermusik;16-03-2018;01:59
James Horner;Saying Goodbye To Those You So Love - A Beautiful Mind/Soundtrack Version;A Beautiful Mind (Soundtrack);16-03-2018;02:02
Akira Kosemura;fleur;how my heart sings;16-03-2018;02:11
Yann Tiersen;"Comptine d&apos;un autre été L&apos;Après-midi";Amelie From Montmartre (Original SoundTrack);16-03-2018;02:34
Maxence Cyrin;The Frozen Palace;Nocturnes (Solo Piano);16-03-2018;02:36
Johannes Bornlof;A Land Above the Clouds;The Boy Who Flew Away;16-03-2018;02:39
Fabrizio Paterlini;My Piano The Clouds;The Art of the Piano;16-03-2018;02:42
Ludovico Einaudi;Una Mattina;Una Mattina;16-03-2018;02:44
Phildel;QI;Qi;16-03-2018;02:48
Franz Berwald;Symphony No. 3 In C Major Sinfonie Singuliere: I. Allegro Fuocoso;BERWALD: Symphonies Nos. 3 and 4 / Piano Concerto;16-03-2018;02:53
Nils Frahm;Ambre;Wintermusik;16-03-2018;03:05
Headhunterz;"Takin&apos; It Back";The Return Of Headhunterz;16-03-2018;09:12
Headhunterz;"Still Standin&apos;";The Return Of Headhunterz;16-03-2018;09:16
Headhunterz;Path Of The Hunter;The Return Of Headhunterz;16-03-2018;09:20
Radical Redemption;America - Radio Edit;The Road To Redemption (Radio Edits);16-03-2018;09:26
Physika;The Huntsman;The Huntsman;16-03-2018;09:29
Cyber;Union - Radio Version;Union;16-03-2018;09:34
Phuture Noize;King Of The Jungle;Pursuit of Thunder;16-03-2018;09:36
Frequencerz;Renegades;Renegades;16-03-2018;09:40
Ran-D;Firestarter - Radio Edit;Firestarter;16-03-2018;09:45
TheFatRat;The Calling (Da Tweekaz Remix);The Calling (Da Tweekaz Remix);16-03-2018;09:50
Headhunterz;Destiny - Edit;Hardstyle Top 100 - Best Of 2017;16-03-2018;09:54
Phuture Noize;Fire - Radio Edit;Hardstyle The Ultimate Collection Best Of 2017;16-03-2018;09:57
Psyko Punkz;Play The Drum - Radio Edit;Hardstyle Top 100 - Best Of 2017;16-03-2018;10:00
Clockartz;The Art Of Being One;The Art of Being One;16-03-2018;10:04
Phuture Noize;Anthem Of Freedom (Qapital Anthem 2018);Anthem Of Freedom (Qapital Anthem 2018);16-03-2018;10:07
Project One;Luminosity;EP I;16-03-2018;10:11
Killshot;Beastmode - Radio Edit;Beastmode;16-03-2018;10:15
Act of Rage;Let The Games Begin;Sabotage;16-03-2018;10:19
Phuture Noize;The Aftershock;The Aftershock EP;16-03-2018;10:24
Radical Redemption;Brutal 6.0 - Radio Edit;Brutal 6.0;16-03-2018;10:28
Requiem;Take The Hit - Original Edit;Take The Hit;16-03-2018;10:31
The Prophet;Caramba! - Radio Edit;Caramba!;16-03-2018;10:33
Refuzion;Without You - Radio Version;Without You;16-03-2018;10:36
Rejecta;Followed;Followed;16-03-2018;10:39
Psyko Punkz;Doutzen - Radio Version;Doutzen;16-03-2018;10:42
Gunz For Hire;Welcome To Death Row;Welcome To Death Row;16-03-2018;10:46
Bass Modulators;Imagine;Imagine;16-03-2018;10:50
Frequencerz;Alright;Qlimax 2017 Temple Of Light;16-03-2018;10:54
The Pitcher;Keep It Up;Keep It Up;16-03-2018;10:59
Warface;F the Industry;F The Industry;16-03-2018;11:02
Noisecontrollers;The Spirit of Hardstyle - Radio Edit;Hardstyle The Ultimate Collection Best Of 2017;16-03-2018;11:05
Deetox;Unstoppable;Unstoppable;16-03-2018;11:10
"D-Block &amp; S-te-Fan";"Angels &amp; Demons";"Angels &amp; Demons";16-03-2018;11:12
Eminem;Beautiful Pain;The Marshall Mathers LP2 (Deluxe);18-03-2018;23:56
Eminem;No Love;Recovery;19-03-2018;00:00
Eminem;Tragic Endings (feat. Skylar Grey);Revival;19-03-2018;00:04
Eminem;Seduction;Recovery;19-03-2018;00:32
Eminem;"Cleanin&apos; Out My Closet";Curtain Call;19-03-2018;00:37
Eminem;Like Home (feat. Alicia Keys);Revival;19-03-2018;00:42
Eminem;Bad Husband (feat. X Ambassadors);Revival;19-03-2018;00:46
Eminem;River (feat. Ed Sheeran);Revival;19-03-2018;09:59
Eminem;Legacy;The Marshall Mathers LP2 (Deluxe);19-03-2018;10:03
Eminem;So Much Better;The Marshall Mathers LP2 (Deluxe);19-03-2018;10:08
Eminem;Untitled;Recovery;19-03-2018;10:12
Eminem;Not Afraid;Recovery;19-03-2018;10:15
Eminem;"When I&apos;m Gone";Curtain Call;19-03-2018;10:20
Ludovico Einaudi;Una Mattina;Una Mattina;19-03-2018;10:23
Eminem;Rap God;The Marshall Mathers LP2 (Deluxe);19-03-2018;15:28
Eminem;Sing for the Moment;Curtain Call;19-03-2018;15:34
Eminem;Headlights;The Marshall Mathers LP2 (Deluxe);19-03-2018;15:40
Eminem;Love Game;The Marshall Mathers LP2 (Deluxe);19-03-2018;15:46
Eminem;Asshole;The Marshall Mathers LP2 (Deluxe);19-03-2018;15:51
Pegboard Nerds;Voodoo;Voodoo;19-03-2018;23:52
Lil Skies;Nowadays (feat. Landon Cube);Nowadays (feat. Landon Cube);19-03-2018;23:57
Aries;Carousel;Carousel;20-03-2018;00:02
Post Malone;Congratulations;Stoney;20-03-2018;00:05
Nue;Nightfall;Nightfall;20-03-2018;00:39
Lil Skies;Nowadays (feat. Landon Cube);Nowadays (feat. Landon Cube);20-03-2018;00:43
Eminem;Like Home (feat. Alicia Keys);Revival;20-03-2018;14:35
Eminem;Tragic Endings (feat. Skylar Grey);Revival;20-03-2018;14:38
Eminem;Without Me;Curtain Call;21-03-2018;00:05
Eminem;Space Bound;Recovery;21-03-2018;00:09
AJR;Weak;"What Everyone&apos;s Thinking - EP";21-03-2018;00:36
"Sexion d&apos;Assaut";Désolé;"L&apos;École Des Points Vitaux";21-03-2018;00:40
Thomas Jack;"Rivers - Sam Feldt &amp; De Hofnar Remix";Rivers (Remixes);21-03-2018;00:43
The Chainsmokers;Paris;Paris;21-03-2018;00:47
Bakermat;Living;Living;21-03-2018;09:44
Campsite Dream;Crush;Crush;21-03-2018;09:47
"Lily &amp; Madeleine";Come To Me (Ofenbach Remix) - Radio Edit;Come To Me (Ofenbach Remix) [Radio Edit];21-03-2018;09:50
Eminem;Mockingbird;Curtain Call;21-03-2018;09:54
Eminem;Beautiful;Relapse;21-03-2018;15:42
Eminem;Shake That;Curtain Call;21-03-2018;15:49
Ed Sheeran;"Perfect Symphony (Ed Sheeran &amp; Andrea Bocelli)";"Perfect Symphony (Ed Sheeran &amp; Andrea Bocelli)";22-03-2018;00:25
Ed Sheeran;"Perfect Symphony (Ed Sheeran &amp; Andrea Bocelli)";"Perfect Symphony (Ed Sheeran &amp; Andrea Bocelli)";22-03-2018;00:29
Ed Sheeran;"Perfect Symphony (Ed Sheeran &amp; Andrea Bocelli)";"Perfect Symphony (Ed Sheeran &amp; Andrea Bocelli)";22-03-2018;00:34
Stephen Swartz;Bullet Train (feat. Joni Fatora);Bullet Train (feat. Joni Fatora);23-03-2018;13:42
Simon Valente;"Stunnin&apos; - Original Mix";"Stunnin&apos;";23-03-2018;13:46
Martin Garrix;In the Name of Love;In the Name of Love;23-03-2018;13:50
Möwe;Skyline;Skyline;23-03-2018;14:02
Sol Calor;Bloom;Bloom;23-03-2018;14:05
LittleKings;Part of Me;Part of Me;23-03-2018;14:09
Andrelli;Old Man;Old Man;23-03-2018;14:12
Kygo;First Time;First Time;23-03-2018;14:16
Sondr;Live Love Learn;Live Love Learn;23-03-2018;14:19
James Hersey;Coming Over - Filous Remix;Coming Over (Filous Remix);23-03-2018;14:22
Topic;Home (feat. Nico Santos) - Marcapasos Radio Remix;Home (feat. Nico Santos) [The Remixes];23-03-2018;14:25
Freischwimmer;California Dreamin - Radio Edit;California Dreamin;23-03-2018;14:29
Wankelmut;Almost Mine - Radio Edit;Almost Mine (Radio Edit);23-03-2018;14:32
Alan Walker;Tired - Kygo Remix;Tired (Kygo Remix);23-03-2018;14:35
silience;Love That We Need;Love That We Need;23-03-2018;14:39
The Him;I Wonder;I Wonder;23-03-2018;14:42
Hounded;On My Side;On My Side (feat. Savoi);23-03-2018;14:45
Achtabahn;Maaya;Maaya;23-03-2018;14:48
Mahmut Orhan;Save Me;Save Me;23-03-2018;14:51
Cazzette;Handful Of Gold - Hounded Remix;Handful Of Gold (Remixes II);23-03-2018;14:54
Miley Cyrus;Malibu - Tiësto Remix;Malibu (Tiësto Remix);23-03-2018;14:58
Domeno;Lies;Lies;23-03-2018;15:01
Hot Shade;Better;Better;23-03-2018;15:04
Lost Frequencies;All or Nothing - Sultan + Shepard Remix;All Or Nothing (Remixes Part 2);23-03-2018;15:07
Campsite Dream;Little Do You Know;Little Do You Know;23-03-2018;15:11
On June;Stuck On You;Stuck On You;23-03-2018;15:14
Mike Perry;Hands;Hands;23-03-2018;15:17
Sebastien;Music In You;Music In You;24-03-2018;01:12
The Vamps;Middle Of The Night;Middle Of The Night;24-03-2018;01:15
Mike Perry;Talk About It;Talk About It;24-03-2018;01:17
Sol Calor;Midnight Sky;Midnight Sky;24-03-2018;01:20
Seb;Breathe;Breathe;24-03-2018;01:24
Eminem;Beautiful Pain;The Marshall Mathers LP2 (Deluxe);24-03-2018;01:27
Eminem;"Cleanin&apos; Out My Closet";Curtain Call;24-03-2018;01:31
Eminem;Not Afraid;Recovery;24-03-2018;01:36
Eminem;Rhyme or Reason;The Marshall Mathers LP2 (Deluxe);24-03-2018;01:40
Eminem;"When I&apos;m Gone";Curtain Call;24-03-2018;01:45
Eminem;The Way I Am;Curtain Call;24-03-2018;01:50
Eminem;Bad Husband (feat. X Ambassadors);Revival;24-03-2018;07:31
Eminem;Rap God;The Marshall Mathers LP2 (Deluxe);24-03-2018;07:35
Sam Feldt;Been A While;Been A While EP;24-03-2018;07:50
Lucy Neville;Fall At Your Feet;Fall At Your Feet;24-03-2018;07:52
Mike Perry;Body to Body;Body to Body;24-03-2018;07:56
Blackstreet;No Diggity;Another Level;24-03-2018;15:22
Famke Louise;VROOM;VROOM;24-03-2018;15:29
O-Zone;Dragostea Din Tei;Q-Music Top 500 Editie 2010;24-03-2018;15:32
Campsite Dream;No Diggity;No Diggity;26-03-2018;01:47
LittleKings;Part of Me;Part of Me;26-03-2018;01:50
Alan Walker;Tired - Kygo Remix;Tired (Kygo Remix);26-03-2018;01:53
Boehm;Future Self;Future Self;26-03-2018;01:57
The Vamps;Middle Of The Night;Middle Of The Night;26-03-2018;02:00
Lost Frequencies;All or Nothing - Sultan + Shepard Remix;All Or Nothing (Remixes Part 2);26-03-2018;02:03
Headhunterz;Destiny - Edit;Hardstyle Top 100 - Best Of 2017;26-03-2018;02:07
Deetox;Unstoppable;Unstoppable;26-03-2018;02:10
Radical Redemption;America - Radio Edit;The Road To Redemption (Radio Edits);26-03-2018;02:12
Campsite Dream;No Diggity;No Diggity;26-03-2018;02:14
Cazzette;Handful Of Gold - Hounded Remix;Handful Of Gold (Remixes II);26-03-2018;02:17
Dusky Grey;Call Me Over;Call Me Over;26-03-2018;02:22
Sam Feldt;Been A While;Been A While EP;26-03-2018;02:25
Oceans;"Cold Ain&apos;t For Me";"Cold Ain&apos;t For Me";26-03-2018;02:28
Listenbee;Save Me;Save Me;26-03-2018;02:33
Mike Perry;Body to Body;Body to Body;26-03-2018;02:37
Little Giants;We Start Fires;We Start Fires;26-03-2018;02:44
Zonoma;Somebody Else;Somebody Else;26-03-2018;02:47
"Mount &amp; Nicolas Haelg";Something Good - Radio Edit;Something Good (Radio Edit);26-03-2018;02:51
James Hersey;Coming Over - Filous Remix;Coming Over (Filous Remix);26-03-2018;02:54
Bakermat;Living;Living;26-03-2018;02:57
Möwe;Skyline;Skyline;26-03-2018;03:00
Mac Beez;Never Gonna Give You Up;Never Gonna Give You Up;26-03-2018;03:03
Domeno;Lies;Lies;26-03-2018;03:06
Topic;Home (feat. Nico Santos) - Marcapasos Radio Remix;Home (feat. Nico Santos) [The Remixes];26-03-2018;03:09
Phuture Noize;Anthem Of Freedom (Qapital Anthem 2018);Anthem Of Freedom (Qapital Anthem 2018);26-03-2018;13:01
Rejecta;Followed;Followed;26-03-2018;13:06
Killshot;Beastmode - Radio Edit;Beastmode;26-03-2018;13:09
Project One;Luminosity;EP I;26-03-2018;13:12
The Prophet;Caramba! - Radio Edit;Caramba!;26-03-2018;13:16
Psyko Punkz;Doutzen - Radio Version;Doutzen;26-03-2018;13:18
Johannes Bornlof;A Land Above the Clouds;The Boy Who Flew Away;26-03-2018;13:41
Moow;Morning;"I Can&apos;t Tell You How Much It Hurts";26-03-2018;13:43
Moow;people;"I Can&apos;t Tell You How Much It Hurts";26-03-2018;13:44
Moow;Wake Up;"I Can&apos;t Tell You How Much It Hurts";26-03-2018;13:46
Stromae;"Quand c&apos;est ?";Racine Carrée;26-03-2018;13:47
Stromae;Ave Cesaria;Racine Carrée;26-03-2018;13:50
Stromae;Avf;Racine Carrée;26-03-2018;13:54
Stromae;Sommeil;Racine Carrée;26-03-2018;13:58
Stromae;Merci;Racine Carrée;26-03-2018;14:01
Stromae;Formidable;Racine Carrée;26-03-2018;14:05
Stromae;Formidable;Racine Carrée;26-03-2018;14:08
The Pitcher;Keep It Up;Keep It Up;26-03-2018;14:12
Radical Redemption;America - Radio Edit;The Road To Redemption (Radio Edits);26-03-2018;14:15
Rejecta;Followed;Followed;26-03-2018;14:18
Deadly Guns;Power Of Truth;The Gunshow;26-03-2018;14:22
Minus Militia;"Gas D&apos;r Op - Militant Edit";"Gas D&apos;r Op (Militant Edit)";26-03-2018;14:25
Scarphase;Enter The Snakepit (Official Snakepit 2016 Anthem) - Radio Edit;Phase One;26-03-2018;14:28
Gunz For Hire;No Mercy - Radio Edit;Qlimax 2016 Rise Of The Celestials;26-03-2018;14:30
Frequencerz;Alright;Qlimax 2017 Temple Of Light;26-03-2018;14:33
Phuture Noize;Fire - Radio Edit;Hardstyle The Ultimate Collection Best Of 2017;26-03-2018;14:37
Headhunterz;"Still Standin&apos;";The Return Of Headhunterz;26-03-2018;14:40
Rejecta;Followed;Followed;26-03-2018;16:33
Phuture Noize;Anthem Of Freedom (Qapital Anthem 2018);Anthem Of Freedom (Qapital Anthem 2018);27-03-2018;08:01
Phuture Noize;King Of The Jungle;Pursuit of Thunder;27-03-2018;08:05
Killshot;Beastmode - Radio Edit;Beastmode;27-03-2018;08:09